ID,Title,Author,Length,URL,Year,Approach
video001,Tips and Tricks- Full Narrated Robotic-Assisted Prostatectomy,AdventHealth Global Robotics Institute,5071.633,https://surch.s3.ap-northeast-2.amazonaws.com/video001.mp4,2016,anterior
video002,2008 AUA Fagin Prostatectomy,VIP Urology,3604.851519,https://surch.s3.ap-northeast-2.amazonaws.com/video002.mp4,2008,posterior
video003,Aldo Bocciardi - Robotic Retzius Sparing Radical Prostatectomy,Fondazione Vincenzo Pansadoro,4012.965442,https://surch.s3.ap-northeast-2.amazonaws.com/video003.mp4,2019,posterior
video005,CILR 2012 - Richard Gaston - Nerve-sparing robotic-assisted laparoscopic radical prostatectomy,Fondazione Vincenzo Pansadoro,6922.797279,https://surch.s3.ap-northeast-2.amazonaws.com/video005.mp4,2012,anterior
video006,CILR 2012 - Vipul Patel - Nerve-sparing robotic-assisted laparoscopic radical prostatectomy,Fondazione Vincenzo Pansadoro,4224.569,https://surch.s3.ap-northeast-2.amazonaws.com/video006.mp4,2012,anterior
video007,CILR 2015 - Vipul Patel - Robotic radical prostatectomy,Fondazione Vincenzo Pansadoro,2745.783,https://surch.s3.ap-northeast-2.amazonaws.com/video007.mp4,2015,anterior
video008,Clipless Robotic Assistec Radical Prostatectomy,Victor Dubeux,2003.232,https://surch.s3.ap-northeast-2.amazonaws.com/video008.mp4,2020,anterior
video009,Complete case of Retzius-sparing RARP (August 2019),Santis,1846.822313,https://surch.s3.ap-northeast-2.amazonaws.com/video009.mp4,2019,posterior
video010,Copy of Robotic prostatectomy Full Case Step by Step with Expert Surgeon,Naveen Kella,4019.25805,https://surch.s3.ap-northeast-2.amazonaws.com/video010.mp4,2014,posterior
video011,Declan Murphy Live Robotic Prostatectomy #WRSE24 May 2016,Declan Murphy,6089.200907,https://surch.s3.ap-northeast-2.amazonaws.com/video011.mp4,2014,anterior
video012,"Dr Boon Kua Da Vinci Robotic Prostatectomy, Brisbane, Australia",Boon Kua,2021.552472,https://surch.s3.ap-northeast-2.amazonaws.com/video012.mp4,2014,anterior
video013,Dr. Ahmed and Dr. Lovallo performing a salvage prostatectomy following prostate brachytherapy,New Jersey Center Prostate Cancer & Urology,3417.838005,https://surch.s3.ap-northeast-2.amazonaws.com/video013.mp4,2013,anterior
video014,Dr. Jim Hu - Robotic Extraperitoneal Radical Prostatectomy Surgical Video With Narration,Weill Cornell Urology,2148.217324,https://surch.s3.ap-northeast-2.amazonaws.com/video014.mp4,2019,anterior
video015,Dr. Jim Hu - Transperitoneal Robotic-Assisted Radical Prostatectomy,Weill Cornell Urology,6104.665397,https://surch.s3.ap-northeast-2.amazonaws.com/video015.mp4,2017,anterior
video016,Dr. Lovallo Performing a robotic simple prostatectomy,New Jersey Center Prostate Cancer & Urology,3000.018141,https://surch.s3.ap-northeast-2.amazonaws.com/video016.mp4,2013,anterior
video017,Dr. Lutfi Tunc Blader Neck Preservation Aproach Nerve Sparing RALP da Vinci SI System,Prof. Dr. Lütfi Tunç,4747.737687,https://surch.s3.ap-northeast-2.amazonaws.com/video017.mp4,2016,posterior
video018,Dr. Lutfi Tunc Blader Neck Preservation Aproach Non-Nerve Sparing RALP da Vinci XI System,Prof. Dr. Lütfi Tunç,4819.301587,https://surch.s3.ap-northeast-2.amazonaws.com/video018.mp4,2016,posterior
video019,Dr. Patel- Robotic-assisted Radical Prostatectomy- Nerve Sparing technique.,Robotic Surgery Academy,1526.712018,https://surch.s3.ap-northeast-2.amazonaws.com/video019.mp4,2019,anterior
video020,Dr. Rafael Coelho-Prostatectomia Radical Robotica - Ircad América latina,Dr. Rafael Coelho - Urologia,2655.736,https://surch.s3.ap-northeast-2.amazonaws.com/video020.mp4,2018,anterior
video021,ExPeritoneal Radical Prostatectomy Laparoscopic with Audio Commentary,Dr Aditya K Sharma,1333.754195,https://surch.s3.ap-northeast-2.amazonaws.com/video021.mp4,2019,anterior
video023,Full Length Robotic Prostatectomy,Dr Rad,2047.025,https://surch.s3.ap-northeast-2.amazonaws.com/video023.mp4,2019,posterior
video024,Full Length Robotic Radical Prostatectomy - Lateral Approach - Dr. Richard Gaston,Dr. Fernando Gómez Sancha,2446.640181,https://surch.s3.ap-northeast-2.amazonaws.com/video024.mp4,2017,posterior
video025,Full Robotic prostate cancer removal with Expert Surgeon Naveen Kella,Naveen Kella,4719.781,https://surch.s3.ap-northeast-2.amazonaws.com/video025.mp4,2015,posterior
video026,"Full-length, unedited, narrated Robotic Prostatectomy performed live by Dr. Ronney Abaza in 2018",Robotic Urologic Surgery with Dr. Ronney Abaza,5490.103,https://surch.s3.ap-northeast-2.amazonaws.com/video026.mp4,2018,anterior
video027,Ignacio Moncada - Robitic Simple Prostatectomy,Fondazione Vincenzo Pansadoro,2648.700227,https://surch.s3.ap-northeast-2.amazonaws.com/video027.mp4,2019,anterior
video028,ircad 2021 - Live Surgery - Robotic Prostatectomy - Dr Rafael Coelho,Dr. Rafael Coelho - Urologia,2006.46,https://surch.s3.ap-northeast-2.amazonaws.com/video028.mp4,2021,anterior
video029,ircad rio - Dr Rafael Coelho - Prostatectomia Robotica/Robotic Prostatectomy,Dr. Rafael Coelho - Urologia,2440.812,https://surch.s3.ap-northeast-2.amazonaws.com/video029.mp4,2018,anterior
video030,Jens Uwe Stolzenburg - Robotic radical Prostatectomy,Fondazione Vincenzo Pansadoro,4672.296054,https://surch.s3.ap-northeast-2.amazonaws.com/video030.mp4,2019,anterior
video031,laparoscopic extraperitoneal radical prostatectomy in a patient with previous hormone treatment,ΝΙΚΟΛΑΟΣ ΦΕΡΑΚΗΣ,3333.13161,https://surch.s3.ap-northeast-2.amazonaws.com/video031.mp4,2015,anterior
video032,Laparoscopic Prostatectomy,laparoscoendourology,2449.960635,https://surch.s3.ap-northeast-2.amazonaws.com/video032.mp4,2021,anterior
video033,LAPAROSCOPIC PROSTATECTOMY GOUMAS,Ioannis Kartalas Goumas,3916.99737,https://surch.s3.ap-northeast-2.amazonaws.com/video033.mp4,2020,anterior
video034,Laparoscopic Radical Prostatectomy,"dr. Ahmad Zulfan Hendri, Sp.U (K)",2271.817143,https://surch.s3.ap-northeast-2.amazonaws.com/video034.mp4,2019,anterior
video035,Laparoscopic Radical Prostatectomy - Ca.prostate in presence of chronic prostatitis| Surgical Videos,Asian Institute of Nephrology & Urology,3252.698,https://surch.s3.ap-northeast-2.amazonaws.com/video035.mp4,2021,posterior
video036,"Laparoscopic Radical Prostatectomy - Extraperitoneal approach, nerve sparing",Endourology Patras,1517.981315,https://surch.s3.ap-northeast-2.amazonaws.com/video036.mp4,2012,anterior
video037,"Laparoscopic radical prostatectomy - full, 1x speed",Uro surgery,4797.173,https://surch.s3.ap-northeast-2.amazonaws.com/video037.mp4,2021,anterior
video038,Laparoscopic radical prostatectomy of a 150 ml prostate with a median lobe,Ioannis Kartalas Goumas,5553.214694,https://surch.s3.ap-northeast-2.amazonaws.com/video038.mp4,2020,anterior
video039,Laparoscopic Radical Prostatectomy Surgery,Dr. Jaydeep Date,1509.227392,https://surch.s3.ap-northeast-2.amazonaws.com/video039.mp4,2019,anterior
video042,LAPAROSCOPIC RADICAL PROSTATECTOMY WITH BILATERAL PELVIC LYMPHADENECTOMY,Preeti Hospital-Best Urology Hospital in Hyderabad,17268.63379,https://surch.s3.ap-northeast-2.amazonaws.com/video042.mp4,2020,posterior
video043,Laparoscopic Radical Prostatectomy with Nerve Sparing,Dr Aditya K Sharma,2568.777143,https://surch.s3.ap-northeast-2.amazonaws.com/video043.mp4,2019,anterior
video044,Live daVinci Robotic Prostate Removal 2 - Capitol Urology,Thomas Edmunds,4564.323265,https://surch.s3.ap-northeast-2.amazonaws.com/video044.mp4,2012,posterior
video045,Live daVinci Robotic Prostatectomy Capitol Urology Columbia SC,Thomas Edmunds,1355.209433,https://surch.s3.ap-northeast-2.amazonaws.com/video045.mp4,2012,anterior
video046,"Live OR: Robot-Assisted Laparoscopic Prostatectomy with Dr. Richstone, Dr. Mikhail and Dr. Rai",BRAINterns Webinar Series,3573.80644,https://surch.s3.ap-northeast-2.amazonaws.com/video046.mp4,2020,anterior
video047,Live robotic da Vinci radical prostatectomy during EAU congress - Barcelona,urologiemondor,2851.71229,https://surch.s3.ap-northeast-2.amazonaws.com/video047.mp4,2010,anterior
video048,Live Robotic Prostatectomy WRSE Nov 16 DECLAN MURPHY,Declan Murphy,6037.769,https://surch.s3.ap-northeast-2.amazonaws.com/video048.mp4,2016,anterior
video049,Live Robotic Prostatectomy | WRSE Jan 19,Declan Murphy,4109.653333,https://surch.s3.ap-northeast-2.amazonaws.com/video049.mp4,2019,anterior
video050,LIVE SURGERY: Prostatectomy w/ Extended Pelvic Lymph Node Dissection,Seattle Science Foundation,9351.372335,https://surch.s3.ap-northeast-2.amazonaws.com/video050.mp4,2015,anterior
video051,Manuel Rubial - Laparoscopic Nerve Sparing Radical Prostatectomy,Fondazione Vincenzo Pansadoro,7164.099048,https://surch.s3.ap-northeast-2.amazonaws.com/video051.mp4,2019,anterior
video052,Markus Graefen - Robotic Radical Prostatectomy + LDN for T3 cancer,Fondazione Vincenzo Pansadoro,6576.82,https://surch.s3.ap-northeast-2.amazonaws.com/video052.mp4,2019,anterior
video053,Maximum periprostatic anatomy preserving-robotic prostatectomy (MPAP-RALP): Surgical technique,"Yifan Chang, M.D.",5278.49941,https://surch.s3.ap-northeast-2.amazonaws.com/video053.mp4,2018,anterior
video054,Miguel Ramirez Backhaus - Laparoscopic Prostatectomy with ICG,Fondazione Vincenzo Pansadoro,9007.182948,https://surch.s3.ap-northeast-2.amazonaws.com/video054.mp4,2019,anterior
video055,"Narrated, Full length Robotic Prostatectomy by Dr Abaza w Airseal Ultralow Pneumo of 6mmHg and ROSI",Robotic Urologic Surgery with Dr. Ronney Abaza,6103.620499,https://surch.s3.ap-northeast-2.amazonaws.com/video055.mp4,2021,posterior
video056,Nerve Sparing Robot Assisted Radical Prostatectomy - Full Case,IMSRU,2909.042358,https://surch.s3.ap-northeast-2.amazonaws.com/video056.mp4,2020,anterior
video057,NEW Full-length unedited SP Robotic Prostatectomy with PLND by Dr. Ronney Abaza,Robotic Urologic Surgery with Dr. Ronney Abaza,7989.034376,https://surch.s3.ap-northeast-2.amazonaws.com/video057.mp4,2021,posterior
video058,New Robotic-Assisted Prostatectomy Technique- February 2016,AdventHealth Global Robotics Institute,4322.604,https://surch.s3.ap-northeast-2.amazonaws.com/video058.mp4,2016,anterior
video059,Non Nerve Sparing Robotic Prostatectomy (Posterior Approach) by Dr. K. Ramesh,Chennai Urology - Dr. K. Ramesh | Urologist | Robotic Surgeon,1597.138141,https://surch.s3.ap-northeast-2.amazonaws.com/video059.mp4,2015,posterior
video062,Pelvic lymph node dissection during Robotic radical prostatectomy | Full step | Dr Lucas Burttet,Dr. Lucas Burttet - Urologia / Cirurgia Robótica,2764.382041,https://surch.s3.ap-northeast-2.amazonaws.com/video062.mp4,2021,anterior
video063,Prostatectomia Radical Robotica ao vivo - Curso Internacional Cirurgia Robotica - Dr Rafael Coelho,Dr. Rafael Coelho - Urologia,3471.569,https://surch.s3.ap-northeast-2.amazonaws.com/video063.mp4,2020,anterior
video064,Prostatectomie Totale Robot LIVE Nicolas DOUMERC,Nicolas DOUMERC,8250.769705,https://surch.s3.ap-northeast-2.amazonaws.com/video064.mp4,2016,anterior
video065,Retzius Sparing Robot Assisted Radical Prostatectomy (Posterior Approach) by Dr. Tae Young Shin,the shinergizer,7017.674014,https://surch.s3.ap-northeast-2.amazonaws.com/video065.mp4,2017,posterior
video066,Robot Assisted Radical Prostatectomy,"Joseph Pettus, M.D.",2315.099138,https://surch.s3.ap-northeast-2.amazonaws.com/video066.mp4,2015,anterior
video067,Robot Assisted Radical Prostatectomy - Nerve Sparing,Robotic Surgery Academy,2960.846077,https://surch.s3.ap-northeast-2.amazonaws.com/video067.mp4,2020,anterior
video068,Robot Assisted Radical Prostatectomy RARP,Medline Health,10623.269,https://surch.s3.ap-northeast-2.amazonaws.com/video068.mp4,2019,anterior
video069,Robot-assisted radical prostatectomy,Teck Wei Tan,5578.849524,https://surch.s3.ap-northeast-2.amazonaws.com/video069.mp4,2020,posterior
video071,Robotic Assisted Laparoscopic Radical Prostatectomy | Brigham and Women's Hospital,Brigham And Women's Hospital,1567.486259,https://surch.s3.ap-northeast-2.amazonaws.com/video071.mp4,2018,anterior
video072,Robotic Assisted Prostatectomy (RALP)_20 min.mp4,BangSurgical,1200.634195,https://surch.s3.ap-northeast-2.amazonaws.com/video072.mp4,2012,posterior
video073,Robotic Assisted Radical Prostatectomy,Henry Woo,4363.494,https://surch.s3.ap-northeast-2.amazonaws.com/video073.mp4,2020,anterior
video074,Robotic Assisted Radical Prostatectomy - Dr Gustavo Cardoso Guimarães,Instituto de Urologia Oncologia e Cirurgia Robótica,1487.075556,https://surch.s3.ap-northeast-2.amazonaws.com/video074.mp4,2015,anterior
video075,Robotic assisted Radical Prostatectomy by Prof. Dr. Mottrie (Full video),ORSI,1697.332245,https://surch.s3.ap-northeast-2.amazonaws.com/video075.mp4,2014,anterior
video076,Robotic Assisted Radical Prostatectomy Non Nerve Sparing,Henry Woo,3438.248345,https://surch.s3.ap-northeast-2.amazonaws.com/video076.mp4,2020,anterior
video077,"ROBOTIC ASSISTED RADICAL PROSTATECTOMY, FULL CASE NO EDITION.",FRANCISCO CARVALHO,4404.384218,https://surch.s3.ap-northeast-2.amazonaws.com/video077.mp4,2021,anterior
video079,Robotic Prostatectomy (RALP)_22 min.mp4,BangSurgical,1311.184399,https://surch.s3.ap-northeast-2.amazonaws.com/video079.mp4,2012,anterior
video081,Robotic Prostatectomy 2006 Fagin,VIP Urology,4109.676553,https://surch.s3.ap-northeast-2.amazonaws.com/video081.mp4,2006,posterior
video082,Robotic Prostatectomy 2012,VIP Urology,3729.589116,https://surch.s3.ap-northeast-2.amazonaws.com/video082.mp4,2012,anterior
video083,Robotic prostatectomy after abandoned open radical prostatectomy | June 2019,Declan Murphy,8198.385488,https://surch.s3.ap-northeast-2.amazonaws.com/video083.mp4,2019,anterior
video084,"robotic prostatectomy by Dr Geoff Coughlin 2017 unedited, narrated",Geoff Coughlin,3573.505,https://surch.s3.ap-northeast-2.amazonaws.com/video084.mp4,2017,anterior
video085,"Robotic prostatectomy by Edward Schaeffer, MD, PhD",NM Urology,2347.653514,https://surch.s3.ap-northeast-2.amazonaws.com/video085.mp4,2017,posterior
video086,Robotic prostatectomy Full Case Step by Step with Expert Surgeon,Naveen Kella,4018.701,https://surch.s3.ap-northeast-2.amazonaws.com/video086.mp4,2014,posterior
video087,Robotic Prostatectomy Full Length 2010,VIP Urology,3132.720181,https://surch.s3.ap-northeast-2.amazonaws.com/video087.mp4,2010,posterior
video088,Robotic Prostatectomy full length by Dr Geoff Coughlin,Geoff Coughlin,4555.894422,https://surch.s3.ap-northeast-2.amazonaws.com/video088.mp4,2013,anterior
video089,Robotic prostatectomy in Hong Kong live case,Hany Atalah,2521.524535,https://surch.s3.ap-northeast-2.amazonaws.com/video089.mp4,2008,posterior
video091,Robotic prostatectomy with early NVB release & anterior Retzius-sparing for anterior prostate ca.,Christopher Eden,2189.200544,https://surch.s3.ap-northeast-2.amazonaws.com/video091.mp4,2020,posterior
video092,Robotic Prostatectomy with the da Vinci X robotic surgery system,Conray Moolman,3130.909025,https://surch.s3.ap-northeast-2.amazonaws.com/video092.mp4,2019,anterior
video093,Robotic Prostatectomy- WRSE 2020 - Dr Rafael Coelho Urologista,Dr. Rafael Coelho - Urologia,1596.395102,https://surch.s3.ap-northeast-2.amazonaws.com/video093.mp4,2020,anterior
video094,"Robotic prostatectomy: Managing an ectopic ureteral orifice, dissection by Edward Schaeffer, MD, PhD",NM Urology,1971.37415,https://surch.s3.ap-northeast-2.amazonaws.com/video094.mp4,2020,anterior
video095,Robotic Radical Prostatectomy,Asian Institute of Nephrology & Urology,5616.81415,https://surch.s3.ap-northeast-2.amazonaws.com/video095.mp4,2020,posterior
video096,"Robotic Radical Prostatectomy (Nerve sparing, Bladder neck preserving)",Asian Institute of Nephrology & Urology,3645.57932,https://surch.s3.ap-northeast-2.amazonaws.com/video096.mp4,2020,posterior
video097,ROBOTIC RADICAL PROSTATECTOMY - RARP- FULL SURGICAL CASE- PATIENT EDUCATION- Dr. KEVIN ZORN,DrKevinZorn,4589.912,https://surch.s3.ap-northeast-2.amazonaws.com/video097.mp4,2013,posterior
video098,Robotic radical prostatectomy for large prostate with median lobe,Prof. Dr. Lütfi Tunç,5257.044172,https://surch.s3.ap-northeast-2.amazonaws.com/video098.mp4,2017,posterior
video099,Robotic Radical Prostatectomy in 24 January 2018 Full Length,Prof. Dr. Lütfi Tunç,5645.653,https://surch.s3.ap-northeast-2.amazonaws.com/video099.mp4,2018,posterior
video100,Robotic Radical Prostatectomy in 28 December 2017,Prof. Dr. Lütfi Tunç,4409.493,https://surch.s3.ap-northeast-2.amazonaws.com/video100.mp4,2017,posterior
video101,Robotic Radical Prostatectomy Live Surgery Course in 16-17 December 2017,Prof. Dr. Lütfi Tunç,4520.67,https://surch.s3.ap-northeast-2.amazonaws.com/video101.mp4,2017,posterior
video102,Robotic Radical Prostatectomy to 300 cc Prostate in 5th of April 2019,Prof. Dr. Lütfi Tunç,7627.941,https://surch.s3.ap-northeast-2.amazonaws.com/video102.mp4,2019,posterior
video103,Robotic Radical Prostatectomy with Bladder Neck Sparing Surgery Technique in 23-26 February 2018,Prof. Dr. Lütfi Tunç,4256.867846,https://surch.s3.ap-northeast-2.amazonaws.com/video103.mp4,2018,posterior
video104,Robotic Radical Prostatectomy with Bladder Neck Sparing Technique in 14 February 2018,Prof. Dr. Lütfi Tunç,4102.246168,https://surch.s3.ap-northeast-2.amazonaws.com/video104.mp4,2018,anterior
video105,Robotic Radical Prostatectomy with Bladder Neck Sparing Technique in 20 April 2018,Prof. Dr. Lütfi Tunç,3605.177,https://surch.s3.ap-northeast-2.amazonaws.com/video105.mp4,2018,posterior
video106,Robotic Radical Prostatectomy with Bladder Neck Sparing Technique in16 February 2019,Prof. Dr. Lütfi Tunç,4411.838,https://surch.s3.ap-northeast-2.amazonaws.com/video106.mp4,2019,posterior
video107,"Robotic radical prostatectomy, Nerve preservation by lateral approach, full length.",UROLOGIE SAINT AUGUSTIN,2646.1,https://surch.s3.ap-northeast-2.amazonaws.com/video107.mp4,2017,anterior
video108,"Robotic Retzius-sparing radical prostatectomy, full unedited surgery by Rabii Madi, MD",rabih33,1708.339,https://surch.s3.ap-northeast-2.amazonaws.com/video108.mp4,2017,posterior
video109,Robotic Transvesical Suprapubic Prostatectomy,Nick Donin,1455.589297,https://surch.s3.ap-northeast-2.amazonaws.com/video109.mp4,2020,anterior
video110,Robotic-assisted laparoscopic radical prostatectomy (console time 27 min uncut version),"Yifan Chang, M.D.",1632.757551,https://surch.s3.ap-northeast-2.amazonaws.com/video110.mp4,2018,anterior
video111,"SA-48 Laparoscopic radical prostatectomy - nerve sparing - no editing - Serdar Aykan, MD Assoc Prof",SERDAR AYKAN,3094.198277,https://surch.s3.ap-northeast-2.amazonaws.com/video111.mp4,2020,anterior
video112,Salvage radical prostatectomy,TNM Urology,7918.492,https://surch.s3.ap-northeast-2.amazonaws.com/video112.mp4,2021,anterior
video113,Salvage Robotic-Assisted Prostatectomy- March 2016,AdventHealth Global Robotics Institute,4382.348481,https://surch.s3.ap-northeast-2.amazonaws.com/video113.mp4,2016,anterior
video114,simple prostatectomy rasp robotic,Bernardo Rocco,2215.903492,https://surch.s3.ap-northeast-2.amazonaws.com/video114.mp4,2020,anterior
video115,Ultra-wide excision of neurovascular bundles in robotic prostatectomy for T3bN0M0 prostate cancer.,Santis,1986.56,https://surch.s3.ap-northeast-2.amazonaws.com/video115.mp4,2020,posterior
video116,Unedited robotic-assisted laparoscopic radical prostatectomy with extended pelvic lymphadenectomy,UrologyRobotics,13011.32481,https://surch.s3.ap-northeast-2.amazonaws.com/video116.mp4,2014,posterior
video117,Urethrovesical anastomosis during laparoscopic radical prostatectomy,Uro surgery,1406.641,https://surch.s3.ap-northeast-2.amazonaws.com/video117.mp4,2021,anterior
video118,Urology Teaching Collaborative | 5/28/20 | Dr. John Davis: Robotic Prostatectomy,Urology Teaching Collaborative - Albany Med.,3845.34059,https://surch.s3.ap-northeast-2.amazonaws.com/video118.mp4,2020,anterior
video119,urologybook.com moinzadeh robotic assisted laparoscopic radical prostatectomy with nerve sparing,urologybook,2358.938413,https://surch.s3.ap-northeast-2.amazonaws.com/video119.mp4,2012,anterior
video120,Vipul Patel - Robotic Nerve Sparing Prostatectomy,Fondazione Vincenzo Pansadoro,4285.730249,https://surch.s3.ap-northeast-2.amazonaws.com/video120.mp4,2019,anterior
video121,Weill Cornell Urology: Dr. Jim C. Hu - Radical Prostatectomy,Weill Cornell Urology,2321.043447,https://surch.s3.ap-northeast-2.amazonaws.com/video121.mp4,2021,posterior
video122,Laparoscopic Radical Prostatectomy (Semi Live) | Surgical Videos,Asian Institute of Nephrology & Urology,2373.822,https://surch.s3.ap-northeast-2.amazonaws.com/video122.mp4,2021,posterior
video123,da Vinci Robotic Prostatectomy 3D Video - Dr. Eric Diner,Eric K. Diner MD,5212.32254,https://surch.s3.ap-northeast-2.amazonaws.com/video123.mp4,2012,posterior
video124,Robotic Radical Prostatectomy with Lymph Node Dissection,Eric K. Diner MD,11324.76662,https://surch.s3.ap-northeast-2.amazonaws.com/video124.mp4,2015,anterior
video125,Lap simple prostatectomy transvesical approach/лапароскопическая аденомэктомия/Живая хирургия/Кочкин,Dr Alexey D. Kochkin,5426.898141,https://surch.s3.ap-northeast-2.amazonaws.com/video125.mp4,2021,posterior
video126,Robotic inguinal hernia repair during Radical Prostatectomy,Robotic Surgery,2241.887,https://surch.s3.ap-northeast-2.amazonaws.com/video126.mp4,2021,anterior
video127,CILR 2008 - Richard Gaston - Robotic assisted radical prostatectomy,Fondazione Vincenzo Pansadoro,7045.677,https://surch.s3.ap-northeast-2.amazonaws.com/video127.mp4,2008,anterior
video128,Minimally Invasive Prostatectomy To Treat Prostate Cancer - Dr. Eric Diner,Eric K. Diner MD,5869.261497,https://surch.s3.ap-northeast-2.amazonaws.com/video128.mp4,2012,anterior
video131,lap radical prostatectomy part 1,lap radical prostatectomy part 1,3170.267,https://surch.s3.ap-northeast-2.amazonaws.com/video131.mp4,2017,anterior
video132,Robotic Simple Prostatectomy,Robotic Simple Prostatectomy,1405.689615,https://surch.s3.ap-northeast-2.amazonaws.com/video132.mp4,2016,anterior
video133,Robotic Prostatectomy Performed By Dr. Jason Engel,"Jason D. Engel, M.D.",2096.042078,https://surch.s3.ap-northeast-2.amazonaws.com/video133.mp4,2016,anterior
video134,Robot-assisted radical prostatectomy - Koon Ho Rha,Fondazione Vincenzo Pansadoro,3982.640181,https://surch.s3.ap-northeast-2.amazonaws.com/video134.mp4,2017,posterior
video135,CILR 2016 - Kris Maes - Robotic radical prostatectomy,Fondazione Vincenzo Pansadoro,6779.808798,https://surch.s3.ap-northeast-2.amazonaws.com/video135.mp4,2016,anterior
video136,Robot assisted extrafascial radical prostatectomy - Vito Pansadoro,Fondazione Vincenzo Pansadoro,8332.481,https://surch.s3.ap-northeast-2.amazonaws.com/video136.mp4,2017,anterior
video137,Lap unilateral nerve-sparing prostatectomy live/Живая хирургия/лап простатэктомия/нервсбережение/инь,Dr Alexey D. Kochkin,6084.301497,https://surch.s3.ap-northeast-2.amazonaws.com/video137.mp4,2020,anterior
video138,Live simple prostatectomy/Retzius-sparing/Живая хирургия/Лапароскопическая аденомэктомия,Dr Alexey D. Kochkin,6072.088,https://surch.s3.ap-northeast-2.amazonaws.com/video138.mp4,2020,anterior
video139,Dr Vipul Patel - da Vinci SP radical prostatectomy,Robotic Surgery Academy,3716.47,https://surch.s3.ap-northeast-2.amazonaws.com/video139.mp4,2019,anterior
video140,Volkan Tugcu - Robotic Transperineal Radical Prostatectomy,Fondazione Vincenzo Pansadoro,2292.575782,https://surch.s3.ap-northeast-2.amazonaws.com/video140.mp4,2019,anterior
video141,CILR 2016 - Franco Gaboardi & Bernardo Rocco - Robotic extrafascial prostatectomy,Fondazione Vincenzo Pansadoro,8767.716,https://surch.s3.ap-northeast-2.amazonaws.com/video141.mp4,2016,anterior
video143,First surgery,Robotic prostate cancer surgery by Professor Ren,3622.499,https://surch.s3.ap-northeast-2.amazonaws.com/video143.mp4,2021,anterior
video144,Robotic Prostatectomy 2013,VIP Urology,3625.12254,https://surch.s3.ap-northeast-2.amazonaws.com/video144.mp4,2013,posterior
video145,First surgery,Robotic prostate cancer surgery by Professor Ren,3631.694,https://surch.s3.ap-northeast-2.amazonaws.com/video145.mp4,2021,anterior
video146,Second surgery,Robotic prostate cancer surgery by Professor Ren,3688.862,https://surch.s3.ap-northeast-2.amazonaws.com/video146.mp4,2021,anterior
video147,Dr. Randy Fagin: Robotic Radical Prostatectomy IRUS Live,Vattikuti Foundation,3741.686712,https://surch.s3.ap-northeast-2.amazonaws.com/video147.mp4,2011,posterior
video148,Robot-assisted radical prostatectomy with Retzius preservation - Aldo Bocciardi,Fondazione Vincenzo Pansadoro,3753.413,https://surch.s3.ap-northeast-2.amazonaws.com/video148.mp4,2017,posterior
video150,Robot-assisted laparoscopic radical prostatectomy-RALP- B De Troyer,bart de troyer,3757.778141,https://surch.s3.ap-northeast-2.amazonaws.com/video150.mp4,2017,anterior
video151,Second surgery,Robotic prostate cancer surgery by Professor Ren,3847.500045,https://surch.s3.ap-northeast-2.amazonaws.com/video151.mp4,2021,anterior
video152,"Robotic Radical Prostatectomy -preservation of the anterior complex, and retrograde nerve dissection",Frederico Mascarenhas,3852.887075,https://surch.s3.ap-northeast-2.amazonaws.com/video152.mp4,2021,anterior
video153,2010 AUA Fagin Prostatectomy,VIP Urology,3999.475,https://surch.s3.ap-northeast-2.amazonaws.com/video153.mp4,2010,posterior
video154,Fourth Surgery,Robotic prostate cancer surgery by Professor Ren,4071.898,https://surch.s3.ap-northeast-2.amazonaws.com/video154.mp4,2021,anterior
video155,Robotic Assisted Radical Prostatectomy Post Androgen Deprivation Therapy,Henry Woo,4144.181406,https://surch.s3.ap-northeast-2.amazonaws.com/video155.mp4,2020,anterior
video156,Aldo Bocciardi - Robotic Retzius sparing radical prostatectomy,Fondazione Vincenzo Pansadoro,4185.884444,https://surch.s3.ap-northeast-2.amazonaws.com/video156.mp4,2018,posterior
video157,CILR 2015 - Aldo Bocciardi - Robotic radical prostatectomy,Fondazione Vincenzo Pansadoro,4215.096,https://surch.s3.ap-northeast-2.amazonaws.com/video157.mp4,2015,posterior
video158,CILR 2016 - Richard Gaston - Robotic intrafascial radical prostatectomy,Fondazione Vincenzo Pansadoro,4241.519456,https://surch.s3.ap-northeast-2.amazonaws.com/video158.mp4,2016,anterior
video159,Laparoscopic prostatectomy and pelvic lymphadenectomy - E. Mandron,Fondazione Vincenzo Pansadoro,4256.473107,https://surch.s3.ap-northeast-2.amazonaws.com/video159.mp4,2017,anterior
video160,Robotic-assisted radical prostatectomy,Uro Best Videos,4322.557098,https://surch.s3.ap-northeast-2.amazonaws.com/video160.mp4,2020,anterior
video161,Sixth surgery,Robotic prostate cancer surgery by Professor Ren,4430.019048,https://surch.s3.ap-northeast-2.amazonaws.com/video161.mp4,2021,anterior
video162,Prostatectomia Robótica,Colombo Urologia,4596.900862,https://surch.s3.ap-northeast-2.amazonaws.com/video162.mp4,2020,anterior
video163,Robotic Prostatectomy To Treat Prostate Cancer,Eric K. Diner MD,4603.658,https://surch.s3.ap-northeast-2.amazonaws.com/video163.mp4,2012,posterior
video164,CILR 2015 - Walter Artibani - Robotic radical prostatectomy,Fondazione Vincenzo Pansadoro,4610.81,https://surch.s3.ap-northeast-2.amazonaws.com/video164.mp4,2015,anterior
video165,Richard Gaston - Robotic Nerve sparing radical prostatectomy lateral approach,Fondazione Vincenzo Pansadoro,4638.65034,https://surch.s3.ap-northeast-2.amazonaws.com/video165.mp4,2018,anterior
video166,Fourth surgery,Robotic prostate cancer surgery by Professor Ren,4724.866032,https://surch.s3.ap-northeast-2.amazonaws.com/video166.mp4,2021,anterior
video167,Sixth surgery,Robotic prostate cancer surgery by Professor Ren,4815.749,https://surch.s3.ap-northeast-2.amazonaws.com/video167.mp4,2021,anterior
video168,CILR 2008 - Jens-Uwe Stolzemburg - Extra peritoneal radical prostatectomy,Fondazione Vincenzo Pansadoro,4880.811247,https://surch.s3.ap-northeast-2.amazonaws.com/video168.mp4,2008,anterior
video169,Third surgery,Robotic prostate cancer surgery by Professor Ren,4901.175147,https://surch.s3.ap-northeast-2.amazonaws.com/video169.mp4,2021,anterior
video170,CILR 2015 - Renaud Bollens - Laparoscopic prostatectomy and advanced lymph nodes dissection,Fondazione Vincenzo Pansadoro,4925.208,https://surch.s3.ap-northeast-2.amazonaws.com/video170.mp4,2015,anterior
video171,Dr. Jim Porter daVinci Prostatectomy Full Length Procedure,Vattikuti Foundation,5068.893,https://surch.s3.ap-northeast-2.amazonaws.com/video171.mp4,2011,anterior
video172,Fifth surgery,Robotic prostate cancer surgery by Professor Ren,5104.048,https://surch.s3.ap-northeast-2.amazonaws.com/video172.mp4,2021,anterior
video173,Prostatectomia Radical Extraperitoneal Videolaparoscópica 2020 (Completo)/Laparoscopic Prostatectomy,Suppera Urologia,5135.23229,https://surch.s3.ap-northeast-2.amazonaws.com/video173.mp4,2020,anterior
video174,CILR 2016 - Aldo Bocciardi - Robotic radical prostatectomy,Fondazione Vincenzo Pansadoro,5153.065215,https://surch.s3.ap-northeast-2.amazonaws.com/video174.mp4,2016,posterior
video175,ProstatectomiaRobótica,Colombo Urologia,5233.847438,https://surch.s3.ap-northeast-2.amazonaws.com/video175.mp4,2019,anterior
video176,Prostatectomia Robótica com preservação da fáscia endopélvica,Colombo Urologia,5324.382041,https://surch.s3.ap-northeast-2.amazonaws.com/video176.mp4,2020,anterior
video177,Evangelos Liatsikos - Laparoscopic Nerve sparing extraperitoneal radical prostatectomy,Fondazione Vincenzo Pansadoro,5331.255147,https://surch.s3.ap-northeast-2.amazonaws.com/video177.mp4,2018,anterior
video178,CILR 2016 - Renaud Bollens - Laparoscopic radical prostatectomy,Fondazione Vincenzo Pansadoro,5370.288,https://surch.s3.ap-northeast-2.amazonaws.com/video178.mp4,2016,anterior
video179,"LRP, laparoscopic radical prostatectomy",Supachai S,5490.893,https://surch.s3.ap-northeast-2.amazonaws.com/video179.mp4,2019,anterior
video180,"Robotic radical prostatectomy, intrafascial approach - Franco Gaboardi",Fondazione Vincenzo Pansadoro,5524.35229,https://surch.s3.ap-northeast-2.amazonaws.com/video180.mp4,2017,anterior
video181,Peter Wiklund - Robotic Retzius sparing radical prostatectomy,Fondazione Vincenzo Pansadoro,5592.851156,https://surch.s3.ap-northeast-2.amazonaws.com/video181.mp4,2018,posterior
video182,Laparoscopic radical prostatectomy - Renaud Bollens,Fondazione Vincenzo Pansadoro,5652.434,https://surch.s3.ap-northeast-2.amazonaws.com/video182.mp4,2017,anterior
video183,Robotic Prostatectomy 2009,VIP Urology,5732.728163,https://surch.s3.ap-northeast-2.amazonaws.com/video183.mp4,2009,posterior
video184,Seventh surgery,Robotic prostate cancer surgery by Professor Ren,5760.824308,https://surch.s3.ap-northeast-2.amazonaws.com/video184.mp4,2021,anterior
video185,Robotic Prostatectomy 2011,VIP Urology,5794.447,https://surch.s3.ap-northeast-2.amazonaws.com/video185.mp4,2011,anterior
video186,Lap pelvic lymph node dissection/prostatectomy/PLND/Тазовая лимфаденэктомия/простатэктомия/лимфодисс,Dr Alexey D. Kochkin,5916.815964,https://surch.s3.ap-northeast-2.amazonaws.com/video186.mp4,2018,anterior
video187,Dr. Ingolf Tuerk: daVinci Prostatectomy using the Extraperitoneal Approach,Vattikuti Foundation,5965.763628,https://surch.s3.ap-northeast-2.amazonaws.com/video187.mp4,2011,anterior
video188,CILR 2015 - Günter Janetschek - Laparoscopic radical prostatectomy with ultra targeted PLND,Fondazione Vincenzo Pansadoro,6289.171156,https://surch.s3.ap-northeast-2.amazonaws.com/video188.mp4,2015,anterior
video189,CILR 2012 - Jens Rassweiler - Extraperitoneal retrograde laparoscopic radical prostatectomy,Fondazione Vincenzo Pansadoro,6323.513469,https://surch.s3.ap-northeast-2.amazonaws.com/video189.mp4,2012,anterior
video190,Third Surgery,Robotic prostate cancer surgery by Professor Ren,6396.331247,https://surch.s3.ap-northeast-2.amazonaws.com/video190.mp4,2021,anterior
video191,Robotic Prostatectomy Full Length Case 2012 - Ahlerling,VIP Urology,6775.350567,https://surch.s3.ap-northeast-2.amazonaws.com/video191.mp4,2012,anterior
video192,Live lap prostatectomy lateral approach/Лапароскопическая радикальная простатэктомия боковой доступ,Dr Alexey D. Kochkin,7056.962177,https://surch.s3.ap-northeast-2.amazonaws.com/video192.mp4,2020,anterior
video193,CILR 2008 - Roland Van Velthoven - Transperitoneal radical prostatectomy,Fondazione Vincenzo Pansadoro,7193.124,https://surch.s3.ap-northeast-2.amazonaws.com/video193.mp4,2008,anterior
video194,Laparoscopic Prostatectomy with advanced LND / Лаппростатэктомия с расширенной лимфаденэктомией,Dr.Varlamov,7477.777415,https://surch.s3.ap-northeast-2.amazonaws.com/video194.mp4,2021,anterior
video195,LRP- laparoscopic radical prostatectomy,Supachai S,7662.422494,https://surch.s3.ap-northeast-2.amazonaws.com/video195.mp4,2019,anterior
video196,Laparoscopic Transperitoneal Prostatectomy / Лапароскопическая простатэктомия,Dr.Varlamov,7950.071293,https://surch.s3.ap-northeast-2.amazonaws.com/video196.mp4,2021,anterior
video197,110cc gland nerve sparing radical prostatectomy/радикальная простатэктомия/нервосбережение/инь и янь,Dr Alexey D. Kochkin,8069.584399,https://surch.s3.ap-northeast-2.amazonaws.com/video197.mp4,2021,posterior
video198,CILR 2012 - Jenz-Uwe Stolzenburg - Extraperitoneal laparoscopic radical prostatectomy,Fondazione Vincenzo Pansadoro,8294.818,https://surch.s3.ap-northeast-2.amazonaws.com/video198.mp4,2012,anterior
video199,My 7th Laparoscopic Prostatectomy / Моя 7-я Лапароскопическая простатэктомия,Dr.Varlamov,8602.598458,https://surch.s3.ap-northeast-2.amazonaws.com/video199.mp4,2021,anterior
video201,Francesco Montorsi - Radical Prostatectomy for advanced disease,Fondazione Vincenzo Pansadoro,9210.055692,https://surch.s3.ap-northeast-2.amazonaws.com/video201.mp4,2019,posterior
video202,Dr. Scott Miller: da Vinci Prostatectomy,Vattikuti Foundation,9450.103583,https://surch.s3.ap-northeast-2.amazonaws.com/video202.mp4,2012,posterior
video204,CILR 2016 - Gunter Janetschek - Laparoscopic radical prostatectomy & ultra targeted PLND,Fondazione Vincenzo Pansadoro,11362.05787,https://surch.s3.ap-northeast-2.amazonaws.com/video204.mp4,2016,anterior
video205,My third Laparoscopic Prostatectomy \ Моя третья лапароскопическая простатэктомия,Dr.Varlamov,11774.04952,https://surch.s3.ap-northeast-2.amazonaws.com/video205.mp4,2021,anterior
video206,Robotic Prostatectomy 80 CC Prostate,Eric K. Diner MD,13044.50612,https://surch.s3.ap-northeast-2.amazonaws.com/video206.mp4,2017,anterior
video207,Robotic Radical Prostatectomy - High Risk Disease - Dr. Eric Diner,Eric K. Diner MD,13065.98458,https://surch.s3.ap-northeast-2.amazonaws.com/video207.mp4,2015,posterior
video208,"Robotic Radical Prostatectomy By Eric Diner, MD",Eric K. Diner MD,14006.29986,https://surch.s3.ap-northeast-2.amazonaws.com/video208.mp4,2014,posterior
video209,Antonio Celia - A novel technique for robotic simple prostatectomy,Fondazione Vincenzo Pansadoro,946.816871,https://surch.s3.ap-northeast-2.amazonaws.com/video209.mp4,2021,anterior
video210,Vipul Patel - SP Robotic assisted Radical Prostatectomy,Fondazione Vincenzo Pansadoro,1062.846984,https://surch.s3.ap-northeast-2.amazonaws.com/video210.mp4,2021,anterior
video211,Robotic Radical Prostatectomy Step by Step - Prof. Dr. Ioan COMAN,Minimal Invasive Urology by Prof. Dr. Ioan COMAN,1236.160726,https://surch.s3.ap-northeast-2.amazonaws.com/video211.mp4,2014,anterior
video212,laparoskopowa przedotrzewnowa prostatektomia radykalna - laparoscopic extraperitoneal prostatectomy,Uro Laparoscopy Godlewski,1247.887,https://surch.s3.ap-northeast-2.amazonaws.com/video212.mp4,2019,anterior
video213,Antonio Galfano - Robotic retzius sparing prostatectomy in a bulky anterior tumor,Fondazione Vincenzo Pansadoro,1398.584308,https://surch.s3.ap-northeast-2.amazonaws.com/video213.mp4,2021,posterior
video214,da Vinci Prostatektomie Teil II Live OP 2010,Prostatazentrum Nordwest,1441.657324,https://surch.s3.ap-northeast-2.amazonaws.com/video214.mp4,2010,anterior
video215,Laparoscopic Radical Prostatectomy by Dr Kamlesh Patel,kamlesh patel,1461.162086,https://surch.s3.ap-northeast-2.amazonaws.com/video215.mp4,2019,anterior
video216,"SA-9 ROBOTIC ASSISTED LAPAROSCOPIC PROSTATECTOMY-2 (BILATERAL NERVE SPARING). SERDAR AYKAN,MD",SERDAR AYKAN,1462.694603,https://surch.s3.ap-northeast-2.amazonaws.com/video216.mp4,2019,posterior
video217,Radical prostatectomy l #urologydoctor l kims hospital l cancer prostate l robotic surgery,RoboticUroHyd,1523.623764,https://surch.s3.ap-northeast-2.amazonaws.com/video217.mp4,2021,anterior
video218,Dr. Ahlering narrates da Vinci Robotic Prostatectomy (4 of 5),Victor,1589.104036,https://surch.s3.ap-northeast-2.amazonaws.com/video218.mp4,2011,anterior
video219,Dr. Ahlering narrates da Vinci Robotic Prostatectomy (2 of 5),Victor,1589.197,https://surch.s3.ap-northeast-2.amazonaws.com/video219.mp4,2011,anterior
video220,Dr. Ahlering narrates da Vinci Robotic Prostatectomy (3 of 5),Victor,1589.173696,https://surch.s3.ap-northeast-2.amazonaws.com/video220.mp4,2011,anterior
video221,da Vinci Prostatektomie - Teil I - Live-OP 2010,Prostatazentrum Nordwest,1592.49415,https://surch.s3.ap-northeast-2.amazonaws.com/video221.mp4,2010,anterior
video222,Przedotrzewnowa Laparoskopowa Prostatektomia Radykalna Laparoscopic Radical Prostatectomy,Uro Laparoscopy Godlewski,1656.697324,https://surch.s3.ap-northeast-2.amazonaws.com/video222.mp4,2018,anterior
video223,Third surgery,Robotic prostate cancer surgery by Professor Ren,1707.014966,https://surch.s3.ap-northeast-2.amazonaws.com/video223.mp4,2021,anterior
video224,"Laparoscopic Radical Prostatectomy, Nerve and Bladder neck sparing, Dr Ahmet ŞAHAN",Doç. Dr. Ahmet ŞAHAN,1782.456599,https://surch.s3.ap-northeast-2.amazonaws.com/video224.mp4,2020,anterior
video225,Dr Mani Menon: Robotic Prostatectomy,Vattikuti Foundation,1800.010884,https://surch.s3.ap-northeast-2.amazonaws.com/video225.mp4,2015,anterior
video226,Laparoscopic radical prostatectomy and ePLND,Tibor Flaskó,1805.978413,https://surch.s3.ap-northeast-2.amazonaws.com/video226.mp4,2020,anterior
video227,Complete case of RS-RARP with pentafecta outcome.,Christopher Eden,1808.811247,https://surch.s3.ap-northeast-2.amazonaws.com/video227.mp4,2020,anterior
video228,"Challenging Robotic Radical Prostatectomy With Dense Rectal Adhesions - UF Health, Jacksonville",Urology UF Health Jax,1952.380227,https://surch.s3.ap-northeast-2.amazonaws.com/video228.mp4,2020,anterior
video229,Robot-assisted Millin's retropubic prostatectomy part 2,UrologyHawaii,2015.515283,https://surch.s3.ap-northeast-2.amazonaws.com/video229.mp4,2013,anterior
video230,"SA-39 LAPAROSCOPIC RADICAL PROSTATECTOMY - BILATERAL NERVE SPARING (FULL VIDEO)-6 . SERDAR AYKAN,MD",SERDAR AYKAN,2047.908,https://surch.s3.ap-northeast-2.amazonaws.com/video230.mp4,2019,anterior
video231,Second surgery,Robotic prostate cancer surgery by Professor Ren,2072.102313,https://surch.s3.ap-northeast-2.amazonaws.com/video231.mp4,2021,posterior
video232,Dr. Vipul Patel RALP 2x speed,Brian Allen,2117.497324,https://surch.s3.ap-northeast-2.amazonaws.com/video232.mp4,2018,anterior
video233,Laparoscopic Radical Prostatectomy by Kamlesh Patel,kamlesh patel,2192.149478,https://surch.s3.ap-northeast-2.amazonaws.com/video233.mp4,2019,posterior
video234,Seventh surgery,Robotic prostate cancer surgery by Professor Ren,2195.702132,https://surch.s3.ap-northeast-2.amazonaws.com/video234.mp4,2021,anterior
video236,Prostatectomia Robotica ao vivo,Dr. Rafael Coelho - Urologia,2240.052245,https://surch.s3.ap-northeast-2.amazonaws.com/video236.mp4,2021,anterior
video238,Fifth surgery,Robotic prostate cancer surgery by Professor Ren,2353.575,https://surch.s3.ap-northeast-2.amazonaws.com/video238.mp4,2021,anterior
video239,Fourth surgery,Robotic prostate cancer surgery by Professor Ren,2391.14449,https://surch.s3.ap-northeast-2.amazonaws.com/video239.mp4,2021,posterior
video240,S.P.E.C.I.A.L.™ Technique - Prostatectomy (entire procedure),ScottDMillerMD,2482.120272,https://surch.s3.ap-northeast-2.amazonaws.com/video240.mp4,2012,anterior
video241,Seventh surgery,Robotic prostate cancer surgery by Professor Ren,2569.868481,https://surch.s3.ap-northeast-2.amazonaws.com/video241.mp4,2021,anterior
video242,Robotic-assisted radical prostatectomy,Uro Best Videos,2655.713,https://surch.s3.ap-northeast-2.amazonaws.com/video242.mp4,2020,anterior
video243,Robot-assisted Millin's retropubic prostatectomy part 1,UrologyHawaii,2697.160272,https://surch.s3.ap-northeast-2.amazonaws.com/video243.mp4,2013,anterior
video244,Robotic Nerve-sparing Radical Prostatectomy Part 1,UrologyHawaii,2766.355737,https://surch.s3.ap-northeast-2.amazonaws.com/video244.mp4,2013,anterior
video245,Fifth surgery,Robotic prostate cancer surgery by Professor Ren,2818.276,https://surch.s3.ap-northeast-2.amazonaws.com/video245.mp4,2021,anterior
video246,Seventh surgery,Robotic prostate cancer surgery by Professor Ren,2908.532,https://surch.s3.ap-northeast-2.amazonaws.com/video246.mp4,2021,anterior
video247,Sixth surgery,Robotic prostate cancer surgery by Professor Ren,2908.532,https://surch.s3.ap-northeast-2.amazonaws.com/video247.mp4,2021,anterior
video248,SA-64 laparoscopic radical prostatectomy nerve sparing bladder neck sparing Serdar Aykan MD,SERDAR AYKAN,2976.334,https://surch.s3.ap-northeast-2.amazonaws.com/video248.mp4,2020,anterior
video249,Dr. Greg Lovallo: Simple Prostatectomy,Vattikuti Foundation,3018.060045,https://surch.s3.ap-northeast-2.amazonaws.com/video249.mp4,2015,anterior
video250,Non Nerve Sparing Robotic Assisted Radical Prostatectomy,Pritam Sharma,3036.892,https://surch.s3.ap-northeast-2.amazonaws.com/video250.mp4,2020,posterior
video251,Fourth surgery,Robotic prostate cancer surgery by Professor Ren,3078.571247,https://surch.s3.ap-northeast-2.amazonaws.com/video251.mp4,2021,posterior
video252,Vipul Patel - Complex and challenging RARP,Fondazione Vincenzo Pansadoro,3239.137234,https://surch.s3.ap-northeast-2.amazonaws.com/video252.mp4,2019,anterior
video253,Dr. Vipul Patel - da Vinci Xi radical prostatectomy,Robotic Surgery Academy,3243.967,https://surch.s3.ap-northeast-2.amazonaws.com/video253.mp4,2019,anterior
video254,First surgery,Robotic prostate cancer surgery by Professor Ren,3367.613243,https://surch.s3.ap-northeast-2.amazonaws.com/video254.mp4,2021,anterior
video255,Laparoscopic Radical Prostatectomy (Full operation without editing) by Dr.Ahmet ŞAHAN,Doç. Dr. Ahmet ŞAHAN,3367.381043,https://surch.s3.ap-northeast-2.amazonaws.com/video255.mp4,2021,anterior
video256,"Robotic Prostatectomy, FAST-P Full Case",MCW Robotic Urology,3376.390385,https://surch.s3.ap-northeast-2.amazonaws.com/video256.mp4,2017,posterior
video257,CILR 2015 - Richard Gaston - Robotic intrafascial radical prostatectomy,Fondazione Vincenzo Pansadoro,3379.409,https://surch.s3.ap-northeast-2.amazonaws.com/video257.mp4,2015,anterior
video258,Second surgery,Robotic prostate cancer surgery by Professor Ren,3410.05932,https://surch.s3.ap-northeast-2.amazonaws.com/video258.mp4,2021,posterior
video259,Sixth surgery,Robotic prostate cancer surgery by Professor Ren,3443.055,https://surch.s3.ap-northeast-2.amazonaws.com/video259.mp4,2021,anterior
video260,Third surgery,Robotic prostate cancer surgery by Professor Ren,3450.741,https://surch.s3.ap-northeast-2.amazonaws.com/video260.mp4,2021,anterior
video261,Fifth Surgery,Robotic prostate cancer surgery by Professor Ren,3457.869206,https://surch.s3.ap-northeast-2.amazonaws.com/video261.mp4,2021,anterior
video262,SRS 2020 RALP,Robotic Surgery Academy,3461.05034,https://surch.s3.ap-northeast-2.amazonaws.com/video262.mp4,2020,anterior
video263,Robot-assisted radical prostatectomy - E. Barret,Fondazione Vincenzo Pansadoro,3465.276372,https://surch.s3.ap-northeast-2.amazonaws.com/video263.mp4,2017,anterior
video300,Surgeon 093 – Difficult RP,musicurologyvideo,3089.62,//bcmmedia.s3.amazonaws.com/bcp/video/transcodes/surgeon_093_video_09_2/1548953169/surgeon_093_video_09_2-720p.mp4,2018,posterior
video301,Surgeon 093 – RP,musicurologyvideo,3234.832,//bcmmedia.s3.amazonaws.com/bcp/video/transcodes/surgeon_093_video_04_03/1548951652/surgeon_093_video_04_03-1080p.mp4,2017,posterior
video302,Surgeon 093 – Difficult RP,musicurologyvideo,3451.182,//bcmmedia.s3.amazonaws.com/bcp/video/transcodes/surgeon_093_video_12_11/1548953169/surgeon_093_video_12_11-720p.mp4,2016,posterior
video303,Surgeon 093 – RP,musicurologyvideo,4345.608,//bcmmedia.s3.amazonaws.com/bcp/video/transcodes/surgeon_093_video_01_12/1548951653/surgeon_093_video_01_12-720p.mp4,2014,anterior
video304,Surgeon 093 – Difficult RP,musicurologyvideo,4354.784,//bcmmedia.s3.amazonaws.com/bcp/video/transcodes/surgeon_093_video_07_8/1548953168/surgeon_093_video_07_8-1080p.mp4,2017,posterior
video305,Surgeon 021 – RP,musicurologyvideo,4380.944,//bcmmedia.s3.amazonaws.com/bcp/video/transcodes/surgeon_021_video_02_03/1548865604/surgeon_021_video_02_03-1080p.mp4,2017,anterior
video306,Surgeon 099 – RP,musicurologyvideo,4413.643,//bcmmedia.s3.amazonaws.com/bcp/video/transcodes/surgeon_099_video_01_2015/1550181599/surgeon_099_video_01_2015-720p.mp4,2015,posterior
video307,Surgeon 093 – Difficult RP,musicurologyvideo,5079.742,//bcmmedia.s3.amazonaws.com/bcp/video/transcodes/surgeon_093_video_13_12/1548953169/surgeon_093_video_13_12-720p.mp4,2016,posterior
video308,Surgeon 035 – RP,musicurologyvideo,5124.019,//bcmmedia.s3.amazonaws.com/bcp/video/transcodes/surgeon_035_video_01_8/1550159525/surgeon_035_video_01_8-1080p.mp4,2014,anterior
video309,Surgeon 067 – RP,musicurologyvideo,5151.113,//bcmmedia.s3.amazonaws.com/bcp/video/transcodes/surgeon_067_video_06_07/1548878650/surgeon_067_video_06_07-1080p.mp4,2017,anterior
video310,Surgeon 067 – RP,musicurologyvideo,5257.785866,//bcmmedia.s3.amazonaws.com/bcp/video/transcodes/surgeon_067_video_02_01/1548874879/surgeon_067_video_02_01-1080p.mp4,2017,anterior
video311,Surgeon 067 – RP,musicurologyvideo,5306.502,//bcmmedia.s3.amazonaws.com/bcp/video/transcodes/surgeon_067_video_05_07/1548878650/surgeon_067_video_05_07-1080p.mp4,2017,anterior
video312,Surgeon 009 – RP,musicurologyvideo,5430.859,//bcmmedia.s3.amazonaws.com/bcp/video/transcodes/surgeon_009_video_03_02/1548793721/surgeon_009_video_03_02-1080p.mp4,2017,anterior
video313,Surgeon 021 – RP,musicurologyvideo,5551.68,//bcmmedia.s3.amazonaws.com/bcp/video/transcodes/surgeon_021_video_01_05/1550153725/surgeon_021_video_01_05-1080p.mp4,2002,anterior
video314,Surgeon 059 – RP,musicurologyvideo,5560.111,//bcmmedia.s3.amazonaws.com/bcp/video/transcodes/surgeon_059_video_01_3/1550161513/surgeon_059_video_01_3-1080p.mp4,2017,anterior
video315,Surgeon 007 – RP,musicurologyvideo,5597.025,//bcmmedia.s3.amazonaws.com/bcp/video/transcodes/surgeon_007_video_02_04/1548787842/surgeon_007_video_02_04-1080p.mp4,2017,anterior
video316,Surgeon 093 – RP,musicurologyvideo,5610.105,//bcmmedia.s3.amazonaws.com/bcp/video/transcodes/surgeon_093_video_11_3/1550178257/surgeon_093_video_11_3-1080p.mp4,2018,posterior
video317,Surgeon 067 – Difficult RP,musicurologyvideo,5651.546,//bcmmedia.s3.amazonaws.com/bcp/video/transcodes/surgeon_067_video_04_7/1548878650/surgeon_067_video_04_7-1080p.mp4,2017,anterior
video318,Surgeon 029 – RP,musicurologyvideo,5658.32,//bcmmedia.s3.amazonaws.com/bcp/video/transcodes/surgeon_029_video_05_03/1548865605/surgeon_029_video_05_03-1080p.mp4,2017,anterior
video319,Surgeon 007 – RP,musicurologyvideo,5689.818,//bcmmedia.s3.amazonaws.com/bcp/video/transcodes/surgeon_007_video_01_1/1548779687/surgeon_007_video_01_1-1080p.mp4,2015,anterior
video320,Surgeon 077 – RP,musicurologyvideo,5731.326,//bcmmedia.s3.amazonaws.com/bcp/video/transcodes/surgeon_077_video_01_3/1550165257/surgeon_077_video_01_3-1080p.mp4,2014,posterior
video321,Surgeon 075 – RP,musicurologyvideo,6002.23,//bcmmedia.s3.amazonaws.com/bcp/video/transcodes/surgeon_075_video_01_7/1550165257/surgeon_075_video_01_7-1080p.mp4,2014,posterior
video322,Surgeon 023 – RP,musicurologyvideo,6030.558,//bcmmedia.s3.amazonaws.com/bcp/video/transcodes/surgeon_023_video_01_9/1550156666/surgeon_023_video_01_9-1080p.mp4,2014,anterior
video323,Surgeon 091 – RP,musicurologyvideo,6046.241,//bcmmedia.s3.amazonaws.com/bcp/video/transcodes/surgeon_091_video_01_3/1550169773/surgeon_091_video_01_3-1080p.mp4,2015,anterior
video324,Surgeon 035 – RP,musicurologyvideo,6155.183,//bcmmedia.s3.amazonaws.com/bcp/video/transcodes/surgeon_035_video_02_03/1548868512/surgeon_035_video_02_03-1080p.mp4,2018,anterior
video325,Surgeon 053 – RP,musicurologyvideo,6159.02,//bcmmedia.s3.amazonaws.com/bcp/video/transcodes/surgeon_053_video_01_02/1550161513/surgeon_053_video_01_02-1080p.mp4,2017,anterior
video326,Surgeon 093 – Difficult RP,musicurologyvideo,6197.992,//bcmmedia.s3.amazonaws.com/bcp/video/transcodes/surgeon_093_video_06_3/1548951652/surgeon_093_video_06_3-720p.mp4,2017,posterior
video327,Surgeon 009 – RP,musicurologyvideo,6480.842,//bcmmedia.s3.amazonaws.com/bcp/video/transcodes/surgeon_009_video_04_4/1548793721/surgeon_009_video_04_4-1080p.mp4,2018,anterior
video328,Surgeon 097 – RP,musicurologyvideo,6579.14,//bcmmedia.s3.amazonaws.com/bcp/video/transcodes/surgeon_097_video_01_12/1550178257/surgeon_097_video_01_12-1080p.mp4,2014,anterior
video329,Surgeon 047 – Difficult RP,musicurologyvideo,6789.216,//bcmmedia.s3.amazonaws.com/bcp/video/transcodes/surgeon_047_video_03_10/1548868512/surgeon_047_video_03_10-1080p.mp4,2018,anterior
video330,Surgeon 047 – RP,musicurologyvideo,6816.743266,//bcmmedia.s3.amazonaws.com/bcp/video/transcodes/surgeon_047_video_02_10/1548868513/surgeon_047_video_02_10-1080p.mp4,2018,anterior
video331,Surgeon 075 – RP,musicurologyvideo,6965.959,//bcmmedia.s3.amazonaws.com/bcp/video/transcodes/surgeon_075_video_02_6/1548882058/surgeon_075_video_02_6-1080p.mp4,2018,posterior
video332,Surgeon 009 – RP,musicurologyvideo,7112.573,//bcmmedia.s3.amazonaws.com/bcp/video/transcodes/surgeon_009_video_01_9/1550866255/surgeon_009_video_01_9-1080p.mp4,2014,anterior
video333,Surgeon 093 – Difficult RP,musicurologyvideo,7148.208,//bcmmedia.s3.amazonaws.com/bcp/video/transcodes/surgeon_093_video_05_3/1548951653/surgeon_093_video_05_3-1080p.mp4,2017,posterior
video334,Surgeon 065 – Difficult RP,musicurologyvideo,7267.527,//bcmmedia.s3.amazonaws.com/bcp/video/transcodes/surgeon_065_video_01_5/1548874879/surgeon_065_video_01_5-720p.mp4,2018,anterior
video335,Surgeon 007 – RP,musicurologyvideo,7306.733,//bcmmedia.s3.amazonaws.com/bcp/video/transcodes/mui_9511_surgeon_007_video_03_04/1550762626/mui_9511_surgeon_007_video_03_04-720p.mp4,2018,anterior
video336,Surgeon 055 – RP,musicurologyvideo,7455.081,//bcmmedia.s3.amazonaws.com/bcp/video/transcodes/surgeon_055_video_01_10/1548870642/surgeon_055_video_01_10-1080p.mp4,2014,anterior
video337,Surgeon 009 – RP,musicurologyvideo,7597.557,//bcmmedia.s3.amazonaws.com/bcp/video/transcodes/surgeon_009_video_02_12/1548787842/surgeon_009_video_02_12-1080p.mp4,2016,anterior
video338,Surgeon 051 – RP,musicurologyvideo,7686.112,//bcmmedia.s3.amazonaws.com/bcp/video/transcodes/surgeon_051_video_01_3/1550161513/surgeon_051_video_01_3-720p.mp4,2018,anterior
video339,Surgeon 037 – RP,musicurologyvideo,7817.177,//bcmmedia.s3.amazonaws.com/bcp/video/transcodes/surgeon_037_video_05_6/1548868513/surgeon_037_video_05_6-1080p.mp4,2017,posterior
video340,Surgeon 049 – RP,musicurologyvideo,7892.852,//bcmmedia.s3.amazonaws.com/bcp/video/transcodes/surgeon_049_video_02_2017/1550159525/surgeon_049_video_02_2017-720p.mp4,2017,anterior
video341,Surgeon 063 – RP,musicurologyvideo,7898.458,//bcmmedia.s3.amazonaws.com/bcp/video/transcodes/surgeon_063_video_01_8/1548870642/surgeon_063_video_01_8-1080p.mp4,2014,anterior
video342,Surgeon 063 – Difficult RP,musicurologyvideo,8308.567,//bcmmedia.s3.amazonaws.com/bcp/video/transcodes/surgeon_063_video_03_3/1548874877/surgeon_063_video_03_3-1080p.mp4,2018,posterior
video343,Surgeon 029 – Difficult RP,musicurologyvideo,8421.547,//bcmmedia.s3.amazonaws.com/bcp/video/transcodes/surgeon_029_video_06_2/1548865604/surgeon_029_video_06_2-1080p.mp4,2018,anterior
video344,Surgeon 043 – RP,musicurologyvideo,9016.241,//bcmmedia.s3.amazonaws.com/bcp/video/transcodes/surgeon_043_video_01_2016/1550159526/surgeon_043_video_01_2016-720p.mp4,2016,anterior
video345,Surgeon 029 – RP,musicurologyvideo,10457.948,//bcmmedia.s3.amazonaws.com/bcp/video/transcodes/surgeon_029_video_07_5/1550156666/surgeon_029_video_07_5-720p.mp4,2018,anterior
video346,Surgeon 011 – RP,musicurologyvideo,10594.952,//bcmmedia.s3.amazonaws.com/bcp/video/transcodes/surgeon_011_video_02_4/1550153724/surgeon_011_video_02_4-1080p.mp4,2018,posterior
video347,Surgeon 003 – Difficult RP,musicurologyvideo,10713.437,//bcmmedia.s3.amazonaws.com/bcp/video/transcodes/surgeon_003_video_01_03-720p-8/1613598496/surgeon_003_video_01_03-720p-8-1080p.mp4,2018,anterior
video348,Surgeon 069 – RP,musicurologyvideo,11034.095,//bcmmedia.s3.amazonaws.com/bcp/video/transcodes/surgeon_069_video_01_9/1548878650/surgeon_069_video_01_9-1080p.mp4,2016,anterior
video349,Surgeon 015 – Difficult RP,musicurologyvideo,11521.477,//bcmmedia.s3.amazonaws.com/bcp/video/transcodes/mui_9511_surgeon_015_video_02_11/1550762627/mui_9511_surgeon_015_video_02_11-720p.mp4,2017,anterior
video351,Live robotic prostatectomy: WRSE Live Surgery Event Oct 15,Declan Murphy,6822.302,https://surch.s3.ap-northeast-2.amazonaws.com/video351.mp4,2015,anterior